test,duration,code,usperexec,execspersec
1,2.938000,0,29.379999,34.036758
2,3.560000,0,35.599998,28.089888
3,4.181000,0,41.810001,23.917723
4,4.803000,0,48.029999,20.820320
5,5.425000,0,54.250000,18.433180
6,6.048000,0,60.480000,16.534391
7,6.669000,0,66.690002,14.994752
8,7.291000,0,72.910004,13.715540
9,7.914000,0,79.139999,12.635836
10,8.535000,0,85.349998,11.716461
11,9.157000,0,91.570000,10.920608
12,9.779000,0,97.790001,10.225994
13,10.401000,0,104.010002,9.614460
14,11.023000,0,110.230003,9.071940
15,11.644000,0,116.440002,8.588114
16,12.267000,0,122.669998,8.151953
17,12.888000,0,128.880005,7.759156
18,13.511000,0,135.110001,7.401377
19,14.133000,0,141.330002,7.075639
20,14.754000,0,147.539993,6.777823
21,15.376000,0,153.759995,6.503642
22,15.999000,0,159.990005,6.250391
23,16.620001,0,166.199997,6.016847
24,17.242001,0,172.419998,5.799791
25,17.864000,0,178.639999,5.597850
26,18.486000,0,184.860001,5.409499
27,19.108000,0,191.080002,5.233410
28,19.730000,0,197.300003,5.068424
29,20.351000,0,203.509995,4.913764
30,20.974001,0,209.740005,4.767808
31,21.596001,0,215.960007,4.630487
32,22.216999,0,222.169998,4.501058
33,22.839001,0,228.389999,4.378475
34,23.462000,0,234.619995,4.262211
35,24.083000,0,240.830002,4.152307
36,24.705000,0,247.050003,4.047764
37,25.327000,0,253.270004,3.948355
38,25.948999,0,259.489990,3.853713
39,26.570999,0,265.709991,3.763502
40,27.193001,0,271.929993,3.677417
41,27.815001,0,278.149994,3.595182
42,28.436001,0,284.359985,3.516669
43,29.059000,0,290.589996,3.441275
44,29.680000,0,296.799988,3.369272
45,30.302000,0,303.019989,3.300112
46,30.924000,0,309.239990,3.233734
47,31.546000,0,315.459991,3.169974
48,32.167999,0,321.679993,3.108680
49,32.790001,0,327.899994,3.049710
50,33.411999,0,334.119995,2.992937
51,34.034000,0,340.339996,2.938238
52,34.655998,0,346.559998,2.885503
53,35.278000,0,352.779999,2.834628
54,35.900002,0,359.000000,2.785515
55,36.521999,0,365.220001,2.738076
56,37.143002,0,371.429993,2.692297
57,37.764999,0,377.649994,2.647954
58,38.388000,0,383.880005,2.604981
59,39.009998,0,390.100006,2.563445
60,39.631001,0,396.309998,2.523277
61,40.252998,0,402.529999,2.484287
62,40.875000,0,408.750000,2.446483
63,41.497002,0,414.970001,2.409813
64,42.118999,0,421.190002,2.374225
65,42.741001,0,427.410004,2.339674
66,43.362000,0,433.619995,2.306167
67,43.985001,0,439.850006,2.273502
68,44.605999,0,446.059998,2.241851
69,45.229000,0,452.290009,2.210971
70,45.851002,0,458.510010,2.180978
71,46.472000,0,464.720001,2.151833
72,47.095001,0,470.950012,2.123368
73,47.716000,0,477.160004,2.095733
74,48.338001,0,483.380005,2.068766
75,48.959999,0,489.600006,2.042484
76,49.582001,0,495.820007,2.016861
77,50.203999,0,502.040009,1.991873
78,50.825001,0,508.250000,1.967536
79,51.448002,0,514.479980,1.943710
80,52.070000,0,520.700012,1.920492
81,52.692001,0,526.919983,1.897821
82,53.313000,0,533.130005,1.875715
83,53.935001,0,539.349976,1.854084
84,54.556999,0,545.570007,1.832945
85,55.179001,0,551.789978,1.812284
86,55.800999,0,558.010010,1.792083
87,56.423000,0,564.229980,1.772327
88,57.044998,0,570.450012,1.753002
89,57.667000,0,576.669983,1.734094
90,58.289001,0,582.890015,1.715590
91,58.910999,0,589.109985,1.697476
92,59.532001,0,595.320007,1.679769
93,60.154999,0,601.549988,1.662372
94,60.776001,0,607.760010,1.645386
95,61.398998,0,613.989990,1.628691
96,62.020000,0,620.200012,1.612383
97,62.641998,0,626.419983,1.596373
98,63.264999,0,632.650024,1.580653
99,63.886002,0,638.859985,1.565288
100,64.508003,0,645.080017,1.550195
