test,duration,code,usperexec,kexecspersec
1,1.129000,0,11.290000,88.573959
2,1.479000,0,14.790000,67.613251
3,1.829000,0,18.290001,54.674686
4,2.174000,0,21.740000,45.998161
5,2.522000,0,25.219999,39.651070
6,2.872000,0,28.719999,34.818943
7,3.221000,0,32.209999,31.046259
8,3.574000,0,35.740002,27.979855
9,3.919000,0,39.189999,25.516714
10,4.268000,0,42.680000,23.430178
11,4.617000,0,46.169998,21.659086
12,4.971000,0,49.709999,20.116676
13,5.316000,0,53.160000,18.811136
14,5.664000,0,56.639999,17.655367
15,6.014000,0,60.139999,16.627869
16,6.363000,0,63.630001,15.715858
17,6.712000,0,67.120003,14.898689
18,7.060000,0,70.599998,14.164306
19,7.409000,0,74.089996,13.497098
20,7.758000,0,77.580002,12.889920
21,8.112000,0,81.120003,12.327416
22,8.457000,0,84.570000,11.824524
23,8.805000,0,88.050003,11.357183
24,9.160000,0,91.599998,10.917030
25,9.504000,0,95.040001,10.521886
26,9.857000,0,98.570000,10.145075
27,10.201000,0,102.010002,9.802960
28,10.552000,0,105.519997,9.476876
29,10.900000,0,109.000000,9.174312
30,11.250000,0,112.500000,8.888889
31,11.598000,0,115.980003,8.622176
32,11.947000,0,119.470001,8.370302
33,12.301000,0,123.010002,8.129420
34,12.645000,0,126.449997,7.908264
35,12.998000,0,129.979996,7.693491
36,13.344000,0,133.440002,7.494005
37,13.693000,0,136.929993,7.303001
38,14.045000,0,140.449997,7.119972
39,14.390000,0,143.899994,6.949270
40,14.744000,0,147.440002,6.782420
41,15.089000,0,150.889999,6.627345
42,15.442000,0,154.419998,6.475845
43,15.787000,0,157.869995,6.334326
44,16.136000,0,161.360001,6.197323
45,16.488001,0,164.880005,6.065017
46,16.833000,0,168.330002,5.940711
47,17.188000,0,171.880005,5.818013
48,17.535000,0,175.350006,5.702880
49,17.881001,0,178.809998,5.592528
50,18.235001,0,182.350006,5.483959
51,18.583000,0,185.830002,5.381262
52,18.927999,0,189.279999,5.283178
53,19.277000,0,192.770004,5.187529
54,19.629999,0,196.300003,5.094244
55,19.979000,0,199.789993,5.005256
56,20.325001,0,203.250000,4.920049
57,20.677999,0,206.779999,4.836058
58,21.027000,0,210.270004,4.755790
59,21.375999,0,213.759995,4.678144
60,21.719999,0,217.199997,4.604052
61,22.069000,0,220.690002,4.531243
62,22.423000,0,224.229996,4.459707
63,22.771999,0,227.720001,4.391358
64,23.120001,0,231.199997,4.325260
65,23.469999,0,234.699997,4.260758
66,23.815001,0,238.149994,4.199034
67,24.164000,0,241.639999,4.138388
68,24.517000,0,245.169998,4.078803
69,24.865999,0,248.660004,4.021555
70,25.215000,0,252.149994,3.965893
71,25.563999,0,255.639999,3.911751
72,25.913000,0,259.130005,3.859067
73,26.261999,0,262.619995,3.807783
74,26.611000,0,266.109985,3.757844
75,26.959999,0,269.600006,3.709199
76,27.308001,0,273.079987,3.661931
77,27.657000,0,276.570007,3.615721
78,28.003000,0,280.029999,3.571046
79,28.351999,0,283.519989,3.527088
80,28.701000,0,287.010010,3.484199
81,29.049999,0,290.500000,3.442341
82,29.403000,0,294.029999,3.401014
83,29.752001,0,297.519989,3.361119
84,30.100000,0,301.000000,3.322259
85,30.450001,0,304.500000,3.284072
86,30.799000,0,307.989990,3.246859
87,31.148001,0,311.480011,3.210479
88,31.497999,0,314.980011,3.174805
89,31.846001,0,318.459991,3.140112
90,32.195999,0,321.959991,3.105976
91,32.544998,0,325.450012,3.072669
92,32.894001,0,328.940002,3.040068
93,33.243999,0,332.440002,3.008062
94,33.591000,0,335.910004,2.976988
95,33.939999,0,339.399994,2.946376
96,34.290001,0,342.899994,2.916302
97,34.639000,0,346.390015,2.886919
98,34.987999,0,349.880005,2.858123
99,35.341000,0,353.410004,2.829575
100,35.686001,0,356.859985,2.802219
